Ticket Priority,Avg Resolution Time (hrs)
Critical,7.147014260249554
High,8.074835680751173
Low,7.947405189620759
Medium,7.171358748778104
